Company_ID,Company_Name,Sectors,Trading_Codes,Scrip_Codes,Websites,Urls
DSE-1-8769,aamra networks limited,IT Sector,AAMRANET, 22649, http://www.aamra.com.bd,https://www.dsebd.org/displayCompany.php?name=AAMRANET
DSE-2-4563,aamra technologies limited,IT Sector,AAMRATECH, 22647, http://www.aamra.com.bd,https://www.dsebd.org/displayCompany.php?name=AAMRATECH
DSE-3-6281,AB Bank 1st Mutual fund,Mutual Funds,ABB1STMF, 12189, http://www.abb1stmf.com/,https://www.dsebd.org/displayCompany.php?name=ABB1STMF
DSE-4-3282,AB Bank Limited,Bank,ABBANK, 11101, http://www.abbl.com,https://www.dsebd.org/displayCompany.php?name=ABBANK
DSE-5-3538,AB Bank Perpetual Bond,Corporate Bond,ABBLPBOND, 26013, ,https://www.dsebd.org/displayCompany.php?name=ABBLPBOND
DSE-6-9574,Aman Cotton Fibrous Limited,Textile,ACFL, 17477, https://www.amancotton.com,https://www.dsebd.org/displayCompany.php?name=ACFL
DSE-7-5078,ACI  Limited,Pharmaceuticals & Chemicals,ACI, 18455, http://www.aci-bd.com,https://www.dsebd.org/displayCompany.php?name=ACI
DSE-8-5070,ACI Formulations Limited,Pharmaceuticals & Chemicals,ACIFORMULA, 18480, http://www.aci-bd.com/acifl/,https://www.dsebd.org/displayCompany.php?name=ACIFORMULA
DSE-9-7969,The ACME Laboratories Limited,Pharmaceuticals & Chemicals,ACMELAB, 18491, http://www.acmeglobal.com,https://www.dsebd.org/displayCompany.php?name=ACMELAB
DSE-10-4746,ACME Pesticides Limited,Pharmaceuticals & Chemicals,ACMEPL, 18496, http://www.acmepesticides.com,https://www.dsebd.org/displayCompany.php?name=ACMEPL
DSE-11-3637,Active Fine Chemicals Limited,Pharmaceuticals & Chemicals,ACTIVEFINE, 18483, http://www.afchem.com,https://www.dsebd.org/displayCompany.php?name=ACTIVEFINE
DSE-12-6405,ADN Telecom Limited,IT Sector,ADNTEL, 22651, http://www.adntel.com.bd,https://www.dsebd.org/displayCompany.php?name=ADNTEL
DSE-13-3157,Advent Pharma Limited,Pharmaceuticals & Chemicals,ADVENT, 18492, http://www.adventpharmabd.com,https://www.dsebd.org/displayCompany.php?name=ADVENT
DSE-14-8495,AFC Agro Biotech Ltd.,Pharmaceuticals & Chemicals,AFCAGRO, 18489, http://www.afcagrobiotech.com,https://www.dsebd.org/displayCompany.php?name=AFCAGRO
DSE-15-5584,Aftab Automobiles Limited,Engineering,AFTABAUTO, 13201, http://aftabautomobiles.com,https://www.dsebd.org/displayCompany.php?name=AFTABAUTO
DSE-16-9966,Agni Systems Ltd.,IT Sector,AGNISYSL, 22645, http://www.agni.com,https://www.dsebd.org/displayCompany.php?name=AGNISYSL
DSE-17-8853,Agrani Insurance Co. Ltd.,Insurance,AGRANINS, 25722, http://www.agraniinsurance.com,https://www.dsebd.org/displayCompany.php?name=AGRANINS
DSE-18-7188,AIBL 1st Islamic Mutual Fund,Mutual Funds,AIBL1STIMF, 12183, http://www.lrglobalbd.com,https://www.dsebd.org/displayCompany.php?name=AIBL1STIMF
DSE-19-2140,AIBL Mudaraba Perpetual Bond,Corporate Bond,AIBLPBOND, 26005, http://www.al-arafahbank.com,https://www.dsebd.org/displayCompany.php?name=AIBLPBOND
DSE-20-8737,Alif Industries Limited,Textile,AIL, 17436, http://ail.com.bd,https://www.dsebd.org/displayCompany.php?name=AIL
DSE-21-5924,Al-Haj Textile Mills Limited,Textile,AL-HAJTEX, 17401, http://www.alhajtextilemills.com,https://www.dsebd.org/displayCompany.php?name=AL-HAJTEX
DSE-22-4893,Al-Arafah Islami Bank Ltd,Bank,ALARABANK, 11115, http://www.aibl.com.bd,https://www.dsebd.org/displayCompany.php?name=ALARABANK
DSE-23-3990,Alif Manufacturing Company Ltd.,Textile,ALIF, 17444, http://amcl.com.bd,https://www.dsebd.org/displayCompany.php?name=ALIF
DSE-24-3465,Alltex Industries Ltd.,Textile,ALLTEX, 17440, http://www.alltexbd.com,https://www.dsebd.org/displayCompany.php?name=ALLTEX
DSE-25-3754,Aman Feed Limited,Miscellaneous,AMANFEED, 99641, http://www.amanfeed.com,https://www.dsebd.org/displayCompany.php?name=AMANFEED
DSE-26-4620,Ambee Pharmaceuticals  Ltd.,Pharmaceuticals & Chemicals,AMBEEPHA, 18451, http://www.ambeepharma.com,https://www.dsebd.org/displayCompany.php?name=AMBEEPHA
DSE-27-9723,Agricultural Marketing Company Ltd. (Pran,Food & Allied,AMCL(PRAN), 14277, https://www.amclpran.com/,https://www.dsebd.org/displayCompany.php?name=AMCL(PRAN)
DSE-28-2190,Anlimayarn Dyeing Ltd.,Textile,ANLIMAYARN, 17441, http://www.anlima.com,https://www.dsebd.org/displayCompany.php?name=ANLIMAYARN
DSE-29-7314,Anwar Galvanizing Ltd.,Engineering,ANWARGALV, 13221, http://www.anwargalvanizing.com,https://www.dsebd.org/displayCompany.php?name=ANWARGALV
DSE-30-5398,Associated Oxygen Limited,Fuel & Power,AOL, 15321, http://www.associatedoxygenltd.com,https://www.dsebd.org/displayCompany.php?name=AOL
DSE-31-4922,Apex Foods Limited,Food & Allied,APEXFOODS, 14254, http://www.apexfoods.com,https://www.dsebd.org/displayCompany.php?name=APEXFOODS
DSE-32-9182,Apex Footwear Limited.,Tannery Industries,APEXFOOT, 23619, http://www.apexfootwearltd.com,https://www.dsebd.org/displayCompany.php?name=APEXFOOT
DSE-33-5063,Apex Spinning & Knitting Mills Limited,Textile,APEXSPINN, 17421, http://www.apexknitting.com,https://www.dsebd.org/displayCompany.php?name=APEXSPINN
DSE-34-1402,Apex Tannery Limited,Tannery Industries,APEXTANRY, 23601, http://www.apextannery.com,https://www.dsebd.org/displayCompany.php?name=APEXTANRY
DSE-35-7293,Appollo Ispat Complex Limited,Engineering,APOLOISPAT, 13233, ,https://www.dsebd.org/displayCompany.php?name=APOLOISPAT
DSE-36-4655,APSCL Non-Convertible and Fully Redeemable Coupon Bearing Bond,Corporate Bond,APSCLBOND, 26004, http://www.apscl.gov.bd,https://www.dsebd.org/displayCompany.php?name=APSCLBOND
DSE-37-7261,Aramit Limited,Miscellaneous,ARAMIT, 99602, http://www.aramitlimited.com,https://www.dsebd.org/displayCompany.php?name=ARAMIT
DSE-38-8682,Aramit Cement Limited,Cement,ARAMITCEM, 21633, http://www.aramitcement.com,https://www.dsebd.org/displayCompany.php?name=ARAMITCEM
DSE-39-8690,Argon Denims Limited,Textile,ARGONDENIM, 17456, http://www.argondenims.com,https://www.dsebd.org/displayCompany.php?name=ARGONDENIM
DSE-40-7993,Asia Insurance Limited,Insurance,ASIAINS, 25740, http://www.asiainsurancebd.com,https://www.dsebd.org/displayCompany.php?name=ASIAINS
DSE-41-2318,Asia Pacific General Insurance Co. Ltd.,Insurance,ASIAPACINS, 25729, http://www.apgicl.com,https://www.dsebd.org/displayCompany.php?name=ASIAPACINS
DSE-42-9558,Asian Tiger Sandhani Life Growth Fund,Mutual Funds,ATCSLGF, 12195, http://www.at-capital.com,https://www.dsebd.org/displayCompany.php?name=ATCSLGF
DSE-43-4367,Atlas Bangladesh Ltd.,Engineering,ATLASBANG, 13212, http://www.atlas.gov.bd,https://www.dsebd.org/displayCompany.php?name=ATLASBANG
DSE-44-6397,Aziz Pipes Ltd.,Engineering,AZIZPIPES, 13202, http://www.azizpipes.com,https://www.dsebd.org/displayCompany.php?name=AZIZPIPES
DSE-45-7862,Bangas Ltd.,Food & Allied,BANGAS, 14257, http://www.bangas.com.bd,https://www.dsebd.org/displayCompany.php?name=BANGAS
DSE-46-8902,Bank Asia Ltd.,Bank,BANKASIA, 11127, http://www.bankasia-bd.com,https://www.dsebd.org/displayCompany.php?name=BANKASIA
DSE-47-5025,Baraka Power Limited,Fuel & Power,BARKAPOWER, 15313, http://www.barakapower.com,https://www.dsebd.org/displayCompany.php?name=BARKAPOWER
DSE-48-6156,Bata Shoe Company (Bangladesh,Tannery Industries,BATASHOE, 23603, http://www.batabd.com,https://www.dsebd.org/displayCompany.php?name=BATASHOE
DSE-49-1910,British American Tobacco Bangladesh Company Limited,Food & Allied,BATBC, 14259, http://www.batbangladesh.com,https://www.dsebd.org/displayCompany.php?name=BATBC
DSE-50-1270,Bay Leasing & Investment Limited,Financial Institutions,BAYLEASING, 11148, http://www.blilbd.com,https://www.dsebd.org/displayCompany.php?name=BAYLEASING
DSE-51-2338,Bangladesh Building Systems Ltd.,Engineering,BBS, 13232, http://www.bbspeb.com,https://www.dsebd.org/displayCompany.php?name=BBS
DSE-52-1408,BBS Cables Limited,Engineering,BBSCABLES, 13242, http://www.bbscables.com.bd,https://www.dsebd.org/displayCompany.php?name=BBSCABLES
DSE-53-1047,Bangladesh Autocars Ltd.,Engineering,BDAUTOCA, 13213, http://www.bdautocars.com/,https://www.dsebd.org/displayCompany.php?name=BDAUTOCA
DSE-54-8639,BDCOM Online Ltd.,IT Sector,BDCOM, 22643, http://www.bdcom.com,https://www.dsebd.org/displayCompany.php?name=BDCOM
DSE-55-5997,Bangladesh Finance Limited,Financial Institutions,BDFINANCE, 11142, http://www.bd.finance,https://www.dsebd.org/displayCompany.php?name=BDFINANCE
DSE-56-5802,Bangladesh Lamps Limited,Engineering,BDLAMPS, 13204, http://www.bll.com.bd,https://www.dsebd.org/displayCompany.php?name=BDLAMPS
DSE-57-4487,Bangladesh Services Ltd.,Travel & Leisure,BDSERVICE, 20552, http://www.bsl.gov.bd,https://www.dsebd.org/displayCompany.php?name=BDSERVICE
DSE-58-5691,Bd.Thai Aluminium Ltd.,Engineering,BDTHAI, 13219, http://www.btaalu.com,https://www.dsebd.org/displayCompany.php?name=BDTHAI
DSE-59-7349,BD Thai Food & Beverage Limited,Food & Allied,BDTHAIFOOD, 14297, http://www.btfbl.com,https://www.dsebd.org/displayCompany.php?name=BDTHAIFOOD
DSE-60-9417,Bangladesh Welding Electrodes Ltd.,Fuel & Power,BDWELDING, 15305, http://www.bwelbd.com,https://www.dsebd.org/displayCompany.php?name=BDWELDING
DSE-61-2706,Beach Hatchery Ltd.,Food & Allied,BEACHHATCH, 14291, http://bhlbd.net,https://www.dsebd.org/displayCompany.php?name=BEACHHATCH
DSE-62-7266,Beacon Pharmaceuticals PLC,Pharmaceuticals & Chemicals,BEACONPHAR, 18482, http://www.beaconpharma.com.bd,https://www.dsebd.org/displayCompany.php?name=BEACONPHAR
DSE-63-1803,Bengal Windsor Thermoplastics Ltd.,Engineering,BENGALWTL, 13231, http://www.windsor.bengalgroup.com,https://www.dsebd.org/displayCompany.php?name=BENGALWTL
DSE-64-6201,Berger Paints Bangladesh Ltd.,Miscellaneous,BERGERPBL, 99638, https://www.bergerbd.com,https://www.dsebd.org/displayCompany.php?name=BERGERPBL
DSE-65-3052,Beximco Green Sukuk Al Istisna'a,Corporate Bond,BEXGSUKUK, 26008, ,https://www.dsebd.org/displayCompany.php?name=BEXGSUKUK
DSE-66-8450,Bangladesh Export Import Company Ltd.,Miscellaneous,BEXIMCO, 99613, http://www.beximco.com,https://www.dsebd.org/displayCompany.php?name=BEXIMCO
DSE-67-8274,Bangladesh General Insurance Company Ltd.,Insurance,BGIC, 25701, http://www.bgicinsure.com,https://www.dsebd.org/displayCompany.php?name=BGIC
DSE-68-4383,Bangladesh Industrial Fin. Co. Ltd.,Financial Institutions,BIFC, 11136, http://www.bifcol.com,https://www.dsebd.org/displayCompany.php?name=BIFC
DSE-69-8811,Bangladesh National Insurance Company Limited,Insurance,BNICL, 25747, http://www.bnicl.net,https://www.dsebd.org/displayCompany.php?name=BNICL
DSE-70-1030,Bashundhara Paper Mills Limited,Paper & Printing,BPML, 19512, http://www.bashundharapapermills.com,https://www.dsebd.org/displayCompany.php?name=BPML
DSE-71-3549,Baraka Patenga Power Limited,Fuel & Power,BPPL, 15324, http://www.bpplbd.com,https://www.dsebd.org/displayCompany.php?name=BPPL
DSE-72-2071,BRAC Bank Ltd.,Bank,BRACBANK, 11138, http://www.bracbank.com,https://www.dsebd.org/displayCompany.php?name=BRACBANK
DSE-73-5343,Bangladesh Shipping Corporation,Miscellaneous,BSC, 99604, http://www.bsc.gov.bd,https://www.dsebd.org/displayCompany.php?name=BSC
DSE-74-2778,Bangladesh Submarine Cable Company Limited,Telecommunication,BSCCL, 27002, http://www.bsccl.com.bd,https://www.dsebd.org/displayCompany.php?name=BSCCL
DSE-75-3895,Bangladesh Steel Re-Rolling Mills Limited,Engineering,BSRMLTD, 13238, http://www.bsrm.com,https://www.dsebd.org/displayCompany.php?name=BSRMLTD
DSE-76-6272,BSRM Steels Limited,Engineering,BSRMSTEEL, 13227, http://www.bsrm.com,https://www.dsebd.org/displayCompany.php?name=BSRMSTEEL
DSE-77-8506,Beximco Pharmaceuticals Ltd.,Pharmaceuticals & Chemicals,BXPHARMA, 18453, http://www.beximcopharma.com,https://www.dsebd.org/displayCompany.php?name=BXPHARMA
DSE-78-4470,Beximco Synthetics Ltd.,Pharmaceuticals & Chemicals,BXSYNTH, 18470, http://www.beximcosynthetics.com,https://www.dsebd.org/displayCompany.php?name=BXSYNTH
DSE-79-2694,CAPM BDBL Mutual Fund 01,Mutual Funds,CAPMBDBLMF, 12199, http://www.capmbd.com,https://www.dsebd.org/displayCompany.php?name=CAPMBDBLMF
DSE-80-8957,CAPM IBBL Islamic Mutual Fund,Mutual Funds,CAPMIBBLMF, 12202, http://www.capmbd.com,https://www.dsebd.org/displayCompany.php?name=CAPMIBBLMF
DSE-81-4918,City Bank Perpetual Bond,Corporate Bond,CBLPBOND, 26011, ,https://www.dsebd.org/displayCompany.php?name=CBLPBOND
DSE-82-1126,Central Insurance Company Ltd.,Insurance,CENTRALINS, 25709, http://www.cicl-bd.com,https://www.dsebd.org/displayCompany.php?name=CENTRALINS
DSE-83-8691,Central Pharmaceuticals Limited,Pharmaceuticals & Chemicals,CENTRALPHL, 18488, http://www.centralphl.com,https://www.dsebd.org/displayCompany.php?name=CENTRALPHL
DSE-84-1149,The City Bank Ltd.,Bank,CITYBANK, 11102, http://www.thecitybank.com,https://www.dsebd.org/displayCompany.php?name=CITYBANK
DSE-85-7938,City General Insurance Co. Ltd.,Insurance,CITYGENINS, 25734, http://www.cityinsurance.com.bd,https://www.dsebd.org/displayCompany.php?name=CITYGENINS
DSE-86-9898,Chartered Life Insurance Company Limited,Insurance,CLICL, 25755, http://www.charteredlifebd.com,https://www.dsebd.org/displayCompany.php?name=CLICL
DSE-87-4767,C & A Textiles Limited,Textile,CNATEX, 17465, ,https://www.dsebd.org/displayCompany.php?name=CNATEX
DSE-88-9435,Confidence Cement Ltd.,Cement,CONFIDCEM, 21621, http://www.confidencecement.com.bd,https://www.dsebd.org/displayCompany.php?name=CONFIDCEM
DSE-89-4936,Continental Insurance Ltd.,Insurance,CONTININS, 25735, http://www.cilbd.com,https://www.dsebd.org/displayCompany.php?name=CONTININS
DSE-90-3233,Coppertech Industries Limited,Engineering,COPPERTECH, 13247, http://www.coppertechbd.com,https://www.dsebd.org/displayCompany.php?name=COPPERTECH
DSE-91-9764,Crown Cement PLC.,Cement,CROWNCEMNT, 21644, http://www.crowncement.com,https://www.dsebd.org/displayCompany.php?name=CROWNCEMNT
DSE-92-1521,Crystal Insurance Company Limited,Insurance,CRYSTALINS, 25749, https://www.ciclbd.com/,https://www.dsebd.org/displayCompany.php?name=CRYSTALINS
DSE-93-9214,CVO Petrochemical Refinery Limited,Fuel & Power,CVOPRL, 14269, http://www.cvopetro.com,https://www.dsebd.org/displayCompany.php?name=CVOPRL
DSE-94-7054,The Dacca Dyeing & Manufacturing Co.Ltd.,Textile,DACCADYE, 17449, http://www.dacca-dyeing.com,https://www.dsebd.org/displayCompany.php?name=DACCADYE
DSE-95-7915,Daffodil Computers Ltd.,IT Sector,DAFODILCOM, 22646, https://daffodil-bd.com/,https://www.dsebd.org/displayCompany.php?name=DAFODILCOM
DSE-96-5265,DBH Finance PLC.,Financial Institutions,DBH, 20621, http://www.deltabrac.com,https://www.dsebd.org/displayCompany.php?name=DBH
DSE-97-2024,DBH First Mutual Fund,Mutual Funds,DBH1STMF, 12174, http://www.lrglobalbd.com,https://www.dsebd.org/displayCompany.php?name=DBH1STMF
DSE-98-5300,Dhaka Bank Perpetual Bond,Corporate Bond,DBLPBOND, 26012, ,https://www.dsebd.org/displayCompany.php?name=DBLPBOND
DSE-99-2777,Aramit Cement Ltd.(Deb-14%,Debenture,DEBARACEM, 91633, ,https://www.dsebd.org/displayCompany.php?name=DEBARACEM
DSE-100-8315,Bangladesh Luggage Ind. Ltd.(Deb-14%,Debenture,DEBBDLUGG, 91625, ,https://www.dsebd.org/displayCompany.php?name=DEBBDLUGG
DSE-101-1048,BD Welding Electrodes Ltd.(Deb-15%,Debenture,DEBBDWELD, 91305, ,https://www.dsebd.org/displayCompany.php?name=DEBBDWELD
DSE-102-2960,Bangladesh Zipper Ind. Ltd.(Deb-14%,Debenture,DEBBDZIPP, 91432, ,https://www.dsebd.org/displayCompany.php?name=DEBBDZIPP
DSE-103-5977,Beximco Denims Ltd.(Deb-14%,Debenture,DEBBXDENIM, 91433, ,https://www.dsebd.org/displayCompany.php?name=DEBBXDENIM
DSE-104-4593,Beximco Fisheries Ltd.(Deb-14%,Debenture,DEBBXFISH, 91273, ,https://www.dsebd.org/displayCompany.php?name=DEBBXFISH
DSE-105-2639,Beximco Knitting Ltd.(Deb-14%,Debenture,DEBBXKNI, 91422, ,https://www.dsebd.org/displayCompany.php?name=DEBBXKNI
DSE-106-7478,Beximco Textiles Ltd.(Deb-14%,Debenture,DEBBXTEX, 91431, ,https://www.dsebd.org/displayCompany.php?name=DEBBXTEX
DSE-107-4585,Delta Life Insurance Company Ltd.,Insurance,DELTALIFE, 25716, http://www.deltalife.org,https://www.dsebd.org/displayCompany.php?name=DELTALIFE
DSE-108-4068,Delta Spinners Ltd.,Textile,DELTASPINN, 17427, http://www.delta-spinners.com.,https://www.dsebd.org/displayCompany.php?name=DELTASPINN
DSE-109-6720,Dhaka Electric Supply Company Ltd.,Fuel & Power,DESCO, 15307, http://www.desco.org.bd,https://www.dsebd.org/displayCompany.php?name=DESCO
DSE-110-5801,Deshbandhu Polymer Limited,Engineering,DESHBANDHU, 13229, http://www.deshbandhupolymer.com,https://www.dsebd.org/displayCompany.php?name=DESHBANDHU
DSE-111-7841,Desh General Insurance Company Limited,Insurance,DGIC, 25750, http://www.deshinsurancebd.com,https://www.dsebd.org/displayCompany.php?name=DGIC
DSE-112-6617,Dhaka Bank Ltd.,Bank,DHAKABANK, 11118, http://www.dhakabankltd.com,https://www.dsebd.org/displayCompany.php?name=DHAKABANK
DSE-113-1142,Dhaka Insurance Limited,Insurance,DHAKAINS, 25744, http://www.dhakainsurancebd.com,https://www.dsebd.org/displayCompany.php?name=DHAKAINS
DSE-114-2599,Dominage Steel Building Systems Limited,Engineering,DOMINAGE, 13249, http://www.dominage.net,https://www.dsebd.org/displayCompany.php?name=DOMINAGE
DSE-115-1274,Doreen Power Generations and Systems Limited,Fuel & Power,DOREENPWR, 15319, http://www.doreenpower.com,https://www.dsebd.org/displayCompany.php?name=DOREENPWR
DSE-116-4082,Desh Garments Ltd.,Textile,DSHGARME, 17415, http://www.deshgroup.com/desh-garments-ltd.html,https://www.dsebd.org/displayCompany.php?name=DSHGARME
DSE-117-1476,Dragon Sweater and Spinning Limited,Textile,DSSL, 17471, http://www.dsslbd.com,https://www.dsebd.org/displayCompany.php?name=DSSL
DSE-118-6588,Dulamia Cotton Spinning Mills Ltd.,Textile,DULAMIACOT, 17416, http://www.dulamiabd.com,https://www.dsebd.org/displayCompany.php?name=DULAMIACOT
DSE-119-9951,Dutch-Bangla Bank Ltd.,Bank,DUTCHBANGL, 11121, http://www.dutchbanglabank.com,https://www.dsebd.org/displayCompany.php?name=DUTCHBANGL
DSE-120-3405,Eastern Insurance Company Ltd.,Insurance,EASTERNINS, 25705, http://www.easterninsurancebd.com,https://www.dsebd.org/displayCompany.php?name=EASTERNINS
DSE-121-8426,Eastland Insurance Company Ltd.,Insurance,EASTLAND, 25708, http://www.eastlandinsurance.com,https://www.dsebd.org/displayCompany.php?name=EASTLAND
DSE-122-6208,Eastern Lubricants Blenders Limited,Fuel & Power,EASTRNLUB, 15303, http://www.elbl.gov.bd,https://www.dsebd.org/displayCompany.php?name=EASTRNLUB
DSE-123-5789,Eastern Bank Ltd.,Bank,EBL, 11112, http://www.ebl.com.bd,https://www.dsebd.org/displayCompany.php?name=EBL
DSE-124-4509,EBL First Mutual Fund,Mutual Funds,EBL1STMF, 12169, http://www.ebl1stmf.com/,https://www.dsebd.org/displayCompany.php?name=EBL1STMF
DSE-125-4405,EBL NRB Mutual Fund,Mutual Funds,EBLNRBMF, 12186, http://www.eblnrbmf.com/,https://www.dsebd.org/displayCompany.php?name=EBLNRBMF
DSE-126-5414,Eastern Cables Ltd.,Engineering,ECABLES, 13206, http://www.easterncables.gov.bd,https://www.dsebd.org/displayCompany.php?name=ECABLES
DSE-127-3425,eGeneration Limited,IT Sector,EGEN, 22652, http://www.egeneration.co,https://www.dsebd.org/displayCompany.php?name=EGEN
DSE-128-7871,Eastern Housing Limited,Services & Real Estate,EHL, 20620, http://www.easternhousing.com,https://www.dsebd.org/displayCompany.php?name=EHL
DSE-129-4203,Express Insurance Limited,Insurance,EIL, 25748, http://www.eilbd.com,https://www.dsebd.org/displayCompany.php?name=EIL
DSE-130-2764,Emerald Oil Industries Ltd.,Food & Allied,EMERALDOIL, 14295, http://www.spondonoil.com,https://www.dsebd.org/displayCompany.php?name=EMERALDOIL
DSE-131-5363,Envoy Textiles Limited,Textile,ENVOYTEX, 17455, http://www.envoytextiles.com,https://www.dsebd.org/displayCompany.php?name=ENVOYTEX
DSE-132-4746,Energypac Power Generation Limited,Fuel & Power,EPGL, 15322, http://www.energypac.com,https://www.dsebd.org/displayCompany.php?name=EPGL
DSE-133-8587,Esquire Knit Composite PLC,Textile,ESQUIRENIT, 17481, http://www.esquireknit.com,https://www.dsebd.org/displayCompany.php?name=ESQUIRENIT
DSE-134-3132,Evince Textiles Limited,Textile,ETL, 17472, http://www.evincetextiles.com,https://www.dsebd.org/displayCompany.php?name=ETL
DSE-135-8260,EXIM Bank 1st Mutual Fund,Mutual Funds,EXIM1STMF, 12194, http://www.exim1stmf.com/,https://www.dsebd.org/displayCompany.php?name=EXIM1STMF
DSE-136-9943,Export Import (Exim,Bank,EXIMBANK, 11129, http://www.eximbankbd.com,https://www.dsebd.org/displayCompany.php?name=EXIMBANK
DSE-137-2555,Familytex (BD,Textile,FAMILYTEX, 17457, http://www.familytexbd.com,https://www.dsebd.org/displayCompany.php?name=FAMILYTEX
DSE-138-3629,Far Chemical Industries Limited,Pharmaceuticals & Chemicals,FARCHEM, 18490, http://www.farchemicalbd.com,https://www.dsebd.org/displayCompany.php?name=FARCHEM
DSE-139-6632,Fareast Finance & Investment Limited,Financial Institutions,FAREASTFIN, 28023, http://www.ffilbd.com,https://www.dsebd.org/displayCompany.php?name=FAREASTFIN
DSE-140-5753,Fareast Islami Life Insurance Co. Ltd.,Insurance,FAREASTLIF, 25725, http://www.fareastislamilife.com,https://www.dsebd.org/displayCompany.php?name=FAREASTLIF
DSE-141-5352,FAS Finance & Investment Limited,Financial Institutions,FASFIN, 11146, http://www.fasbd.com,https://www.dsebd.org/displayCompany.php?name=FASFIN
DSE-142-3674,First Bangladesh Fixed Income Fund,Mutual Funds,FBFIF, 12191, http://www.fbfif.com/,https://www.dsebd.org/displayCompany.php?name=FBFIF
DSE-143-5312,Federal Insurance Company Ltd.,Insurance,FEDERALINS, 25713, http://www.federalinsubd.com,https://www.dsebd.org/displayCompany.php?name=FEDERALINS
DSE-144-3970,Far East Knitting & Dyeing Industries Limited,Textile,FEKDIL, 17462, http://www.fareastknit.com,https://www.dsebd.org/displayCompany.php?name=FEKDIL
DSE-145-7536,Fine Foods Limited,Food & Allied,FINEFOODS, 14292, http://www.finefoodslimited.com,https://www.dsebd.org/displayCompany.php?name=FINEFOODS
DSE-146-2361,First Finance Limited,Financial Institutions,FIRSTFIN, 11124, http://www.first-finance.com.bd,https://www.dsebd.org/displayCompany.php?name=FIRSTFIN
DSE-147-5436,First Security Islami Bank Limited,Bank,FIRSTSBANK, 11147, http://www.fsiblbd.com,https://www.dsebd.org/displayCompany.php?name=FIRSTSBANK
DSE-148-1612,Fortune Shoes Limited,Tannery Industries,FORTUNE, 23637, http://www.fortuneshoesbd.com,https://www.dsebd.org/displayCompany.php?name=FORTUNE
DSE-149-4996,Fu-Wang Ceramic Industries Ltd.,Ceramics Sector,FUWANGCER, 24632, http://www.fuwangceramic.com,https://www.dsebd.org/displayCompany.php?name=FUWANGCER
DSE-150-7787,Fu Wang Food Ltd.,Food & Allied,FUWANGFOOD, 14286, http://www.fuwangfoodsltd.com/,https://www.dsebd.org/displayCompany.php?name=FUWANGFOOD
DSE-151-1653,GBB Power Ltd.,Fuel & Power,GBBPOWER, 15315, http://www.gbb.com.bd,https://www.dsebd.org/displayCompany.php?name=GBBPOWER
DSE-152-4836,Gemini Sea Food Ltd.,Food & Allied,GEMINISEA, 14262, http://www.geminiseafood.com,https://www.dsebd.org/displayCompany.php?name=GEMINISEA
DSE-153-6260,Genex Infosys Limited,IT Sector,GENEXIL, 22650, http://www.genexinfosys.com,https://www.dsebd.org/displayCompany.php?name=GENEXIL
DSE-154-3439,Generation Next Fashions Limited,Textile,GENNEXT, 17454, http://www.gnf-bd.com,https://www.dsebd.org/displayCompany.php?name=GENNEXT
DSE-155-8032,Golden Harvest Agro Industries Ltd.,Food & Allied,GHAIL, 14294, http://www.goldenharvestbd.com,https://www.dsebd.org/displayCompany.php?name=GHAIL
DSE-156-2435,Global Heavy Chemicals Limited,Pharmaceuticals & Chemicals,GHCL, 18485, http://www.ghclbd.com,https://www.dsebd.org/displayCompany.php?name=GHCL
DSE-157-9498,Global Islami Bank PLC,Bank,GIB, 11153, http://www.globalislamibankbd.com,https://www.dsebd.org/displayCompany.php?name=GIB
DSE-158-4302,ICB AMCL CMSF Golden Jubilee Mutual Fund,Mutual Funds,GLDNJMF, 12204, http://www.icbamcl.com.bd,https://www.dsebd.org/displayCompany.php?name=GLDNJMF
DSE-159-4694,Global Insurance Company Ltd.,Insurance,GLOBALINS, 25723, http://www.globalinsurancebd.com,https://www.dsebd.org/displayCompany.php?name=GLOBALINS
DSE-160-3612,Golden Son Ltd.,Engineering,GOLDENSON, 13226, http://www.goldensonbd.com,https://www.dsebd.org/displayCompany.php?name=GOLDENSON
DSE-161-9859,Grameenphone Ltd.,Telecommunication,GP, 27001, http://www.grameenphone.com,https://www.dsebd.org/displayCompany.php?name=GP
DSE-162-5047,GPH Ispat Ltd.,Engineering,GPHISPAT, 13230, https://www.gphispat.com.bd/,https://www.dsebd.org/displayCompany.php?name=GPHISPAT
DSE-163-9032,GQ Ball Pen Industries Ltd.,Miscellaneous,GQBALLPEN, 99605, http://www.gq-group.com,https://www.dsebd.org/displayCompany.php?name=GQBALLPEN
DSE-164-4433,Grameen One : Scheme Two,Mutual Funds,GRAMEENS2, 12167, http://www.aims-bangladesh.com,https://www.dsebd.org/displayCompany.php?name=GRAMEENS2
DSE-165-9702,Green Delta Mutual Fund,Mutual Funds,GREENDELMF, 12179, http://www.lrglobalbd.com,https://www.dsebd.org/displayCompany.php?name=GREENDELMF
DSE-166-9570,Green Delta Insurance Ltd.,Insurance,GREENDELT, 25702, http://www.green-delta.com,https://www.dsebd.org/displayCompany.php?name=GREENDELT
DSE-167-5303,GSP Finance Company (Bangladesh,Financial Institutions,GSPFINANCE, 11149, http://www.gspfinance.com,https://www.dsebd.org/displayCompany.php?name=GSPFINANCE
DSE-168-1479,Hakkani Pulp & Paper Mills Ltd.,Paper & Printing,HAKKANIPUL, 19510, http://www.hakkanigroup.com,https://www.dsebd.org/displayCompany.php?name=HAKKANIPUL
DSE-169-6815,Heidelberg Cement Bangladesh Ltd.,Cement,HEIDELBCEM, 21614, http://www.heidelbergcementbd.com,https://www.dsebd.org/displayCompany.php?name=HEIDELBCEM
DSE-170-5740,Hamid Fabrics Limited,Textile,HFL, 17464, http://www.mahingroup.com,https://www.dsebd.org/displayCompany.php?name=HFL
DSE-171-9133,H.R.Textile Ltd.,Textile,HRTEX, 17442, http://www.pride-grp.com/hrt,https://www.dsebd.org/displayCompany.php?name=HRTEX
DSE-172-2753,Hwa Well Textiles (BD,Textile,HWAWELLTEX, 17461, http://www.hwawelltex.com,https://www.dsebd.org/displayCompany.php?name=HWAWELLTEX
DSE-173-9949,IBBL 2nd Perpetual Mudaraba Bond,Corporate Bond,IBBL2PBOND, 26006, ,https://www.dsebd.org/displayCompany.php?name=IBBL2PBOND
DSE-174-3668,IBBL Mudaraba Perpetual Bond,Corporate Bond,IBBLPBOND, 26001, http://www.islamibankbd.com,https://www.dsebd.org/displayCompany.php?name=IBBLPBOND
DSE-175-5703,The IBN SINA  Pharmaceutical Industry PLC,Pharmaceuticals & Chemicals,IBNSINA, 18464, http://www.ibnsinapharma.com,https://www.dsebd.org/displayCompany.php?name=IBNSINA
DSE-176-1428,Indo-Bangla Pharmaceuticals Limited,Pharmaceuticals & Chemicals,IBP, 18494, http://www.indo-banglapharma.com,https://www.dsebd.org/displayCompany.php?name=IBP
DSE-177-4954,Investment Corporation Of Bangladesh,Financial Institutions,ICB, 12151, http://www.icb.gov.bd,https://www.dsebd.org/displayCompany.php?name=ICB
DSE-178-7285,ICB AMCL Third NRB Mutual Fund,Mutual Funds,ICB3RDNRB, 12177, http://www.icbamcl.com.bd,https://www.dsebd.org/displayCompany.php?name=ICB3RDNRB
DSE-179-9065,ICB AMCL First Agrani Bank Mutual Fund,Mutual Funds,ICBAGRANI1, 12201, http://www.icbamcl.com.bd,https://www.dsebd.org/displayCompany.php?name=ICBAGRANI1
DSE-180-1626,ICB AMCL Second Mutual Fund,Mutual Funds,ICBAMCL2ND, 12170, http://www.icbamcl.com.bd,https://www.dsebd.org/displayCompany.php?name=ICBAMCL2ND
DSE-181-4111,ICB Employees Provident MF 1: Scheme 1,Mutual Funds,ICBEPMF1S1, 12171, http://www.icbamcl.com.bd,https://www.dsebd.org/displayCompany.php?name=ICBEPMF1S1
DSE-182-7177,ICB Islamic Bank Limited,Bank,ICBIBANK, 11110, http://www.icbislamic-bd.com,https://www.dsebd.org/displayCompany.php?name=ICBIBANK
DSE-183-8841,ICB AMCL Sonali Bank Limited 1st Mutual Fund,Mutual Funds,ICBSONALI1, 12193, http://www.icbamcl.com.bd,https://www.dsebd.org/displayCompany.php?name=ICBSONALI1
DSE-184-3197,Islami Commercial Insurance Company Limited,Insurance,ICICL, 25756, http://www.iciclbd.com,https://www.dsebd.org/displayCompany.php?name=ICICL
DSE-185-8403,IDLC Finance Ltd.,Financial Institutions,IDLC, 11111, http://www.idlc.com,https://www.dsebd.org/displayCompany.php?name=IDLC
DSE-186-3550,IFAD Autos Limited,Engineering,IFADAUTOS, 13237, http://www.ifadautos.com,https://www.dsebd.org/displayCompany.php?name=IFADAUTOS
DSE-187-5438,IFIC Bank PLC,Bank,IFIC, 11103, http://www.ificbank.com.bd,https://www.dsebd.org/displayCompany.php?name=IFIC
DSE-188-3514,IFIC Bank 1st Mutual Fund,Mutual Funds,IFIC1STMF, 12175, http://www.ific1stmf.com/,https://www.dsebd.org/displayCompany.php?name=IFIC1STMF
DSE-189-4521,IFIL Islamic Mutual Fund-1,Mutual Funds,IFILISLMF1, 12181, http://www.icbamcl.com.bd,https://www.dsebd.org/displayCompany.php?name=IFILISLMF1
DSE-190-9878,International Leasing & Financial Services Ltd.,Financial Institutions,ILFSL, 11143, http://www.ilfsl.com,https://www.dsebd.org/displayCompany.php?name=ILFSL
DSE-191-2430,Imam Button Industries Ltd.,Pharmaceuticals & Chemicals,IMAMBUTTON, 18474, http://www.imambutton.com,https://www.dsebd.org/displayCompany.php?name=IMAMBUTTON
DSE-192-8632,Index Agro Industries Limited,Miscellaneous,INDEXAGRO, 99643, http://www.index-agro.com,https://www.dsebd.org/displayCompany.php?name=INDEXAGRO
DSE-193-5030,Intech  Limited,IT Sector,INTECH, 22644, http://www.intech.com.bd,https://www.dsebd.org/displayCompany.php?name=INTECH
DSE-194-3998,Intraco Refueling Station Limited,Fuel & Power,INTRACO, 15320, http://www.intracorefueling.com,https://www.dsebd.org/displayCompany.php?name=INTRACO
DSE-195-1951,IPDC Finance Limited,Financial Institutions,IPDC, 11137, http://www.ipdcbd.com,https://www.dsebd.org/displayCompany.php?name=IPDC
DSE-196-7528,Islami Bank Bangladesh Limited,Bank,ISLAMIBANK, 11104, http://www.islamibankbd.com,https://www.dsebd.org/displayCompany.php?name=ISLAMIBANK
DSE-197-5994,Islamic Finance & Investment Ltd.,Financial Institutions,ISLAMICFIN, 11133, http://www.ifilbd.com,https://www.dsebd.org/displayCompany.php?name=ISLAMICFIN
DSE-198-8249,Islami Insurance Bangladesh Limited,Insurance,ISLAMIINS, 25742, http://www.islamiinsurance.com,https://www.dsebd.org/displayCompany.php?name=ISLAMIINS
DSE-199-8192,Information Services Network Ltd.,IT Sector,ISNLTD, 22641, http://www.bangla.net,https://www.dsebd.org/displayCompany.php?name=ISNLTD
DSE-200-8577,IT Consultants Limited,IT Sector,ITC, 22648, http://www.itcbd.com,https://www.dsebd.org/displayCompany.php?name=ITC
DSE-201-4206,Jamuna Bank Ltd.,Bank,JAMUNABANK, 11134, http://www.jamunabankbd.com,https://www.dsebd.org/displayCompany.php?name=JAMUNABANK
DSE-202-6463,Jamuna Oil Company Limited,Fuel & Power,JAMUNAOIL, 15309, http://www.jamunaoil.gov.bd,https://www.dsebd.org/displayCompany.php?name=JAMUNAOIL
DSE-203-9827,Janata Insurance Company Ltd.,Insurance,JANATAINS, 25706, http://www.jiclbd.com,https://www.dsebd.org/displayCompany.php?name=JANATAINS
DSE-204-8390,JMI Hospital Requisite Manufacturing Limited,Pharmaceuticals & Chemicals,JHRML, 99644, http://www.jhrml-bd.com,https://www.dsebd.org/displayCompany.php?name=JHRML
DSE-205-1353,JMI Syringes & Medical Devices Ltd.,Pharmaceuticals & Chemicals,JMISMDL, 18487, http://www.jmisyringe.com,https://www.dsebd.org/displayCompany.php?name=JMISMDL
DSE-206-6974,Jute Spinners Ltd.,Jute,JUTESPINN, 16355, ,https://www.dsebd.org/displayCompany.php?name=JUTESPINN
DSE-207-6683,Karnaphuli Insurance Company Ltd.,Insurance,KARNAPHULI, 25710, http://www.kiclbd.com,https://www.dsebd.org/displayCompany.php?name=KARNAPHULI
DSE-208-5593,Kay & Que (Bangladesh,Engineering,KAY&QUE, 13222, http://www.kayandque.com,https://www.dsebd.org/displayCompany.php?name=KAY&QUE
DSE-209-5234,Khan Brothers PP Woven Bag Industries Limited,Miscellaneous,KBPPWBIL, 99639, http://www.kbgbd.com,https://www.dsebd.org/displayCompany.php?name=KBPPWBIL
DSE-210-2273,KDS Accessories Limited,Engineering,KDSALTD, 13240, http://www.kdsaccessories.com,https://www.dsebd.org/displayCompany.php?name=KDSALTD
DSE-211-3400,Keya Cosmetics Ltd.,Pharmaceuticals & Chemicals,KEYACOSMET, 18477, http://www.keyagroupbd.com,https://www.dsebd.org/displayCompany.php?name=KEYACOSMET
DSE-212-9249,Kohinoor Chemicals Company (Bangladesh,Pharmaceuticals & Chemicals,KOHINOOR, 18463, http://www.kohinoor-bd.com,https://www.dsebd.org/displayCompany.php?name=KOHINOOR
DSE-213-6275,Khulna Power Company Limited,Fuel & Power,KPCL, 15312, http://www.khulnapower.com,https://www.dsebd.org/displayCompany.php?name=KPCL
DSE-214-6023,Khulna Printing & Packaging Limited,Paper & Printing,KPPL, 19511, http://www.lockpurgroup.org,https://www.dsebd.org/displayCompany.php?name=KPPL
DSE-215-3553,Kattali Textile Limited,Textile,KTL, 17480, http://www.ktlbd.com,https://www.dsebd.org/displayCompany.php?name=KTL
DSE-216-2547,LankaBangla Finance PLC,Financial Institutions,LANKABAFIN, 11135, http://www.lankabangla.com,https://www.dsebd.org/displayCompany.php?name=LANKABAFIN
DSE-217-5211,Legacy Footwear Ltd.,Tannery Industries,LEGACYFOOT, 23636, http://www.legacyfootwearltd.com,https://www.dsebd.org/displayCompany.php?name=LEGACYFOOT
DSE-218-7016,LafargeHolcim Bangladesh Limited,Cement,LHBL, 21643, http://www.lafargeholcim.com.bd,https://www.dsebd.org/displayCompany.php?name=LHBL
DSE-219-5084,Libra Infusions Limited,Pharmaceuticals & Chemicals,LIBRAINFU, 18471, http://www.libragroupbd.com,https://www.dsebd.org/displayCompany.php?name=LIBRAINFU
DSE-220-5593,Linde Bangladesh Limited,Fuel & Power,LINDEBD, 15301, http://www.linde.com.bd,https://www.dsebd.org/displayCompany.php?name=LINDEBD
DSE-221-3418,Taufika Foods and Lovello Ice-cream PLC,Food & Allied,LOVELLO, 14296, http://www.taufikagroup.com,https://www.dsebd.org/displayCompany.php?name=LOVELLO
DSE-222-1443,Lub-rref (Bangladesh,Fuel & Power,LRBDL, 15323, http://www.lub-rref.com,https://www.dsebd.org/displayCompany.php?name=LRBDL
DSE-223-3984,LR Global Bangladesh Mutual Fund One,Mutual Funds,LRGLOBMF1, 12188, http://www.lrglobalbd.com,https://www.dsebd.org/displayCompany.php?name=LRGLOBMF1
DSE-224-7771,Maksons Spinning Mills Limited,Textile,MAKSONSPIN, 17448, http://www.maksonsgroup.com.bd,https://www.dsebd.org/displayCompany.php?name=MAKSONSPIN
DSE-225-8273,Malek Spinning Mills Ltd.,Textile,MALEKSPIN, 17451, http://www.malekspinning.com,https://www.dsebd.org/displayCompany.php?name=MALEKSPIN
DSE-226-6113,Marico Bangladesh Limited,Pharmaceuticals & Chemicals,MARICO, 18481, http://www.marico.com/bangladesh,https://www.dsebd.org/displayCompany.php?name=MARICO
DSE-227-6307,Matin Spinning Mills PLC,Textile,MATINSPINN, 17460, http://www.matinspinning.com,https://www.dsebd.org/displayCompany.php?name=MATINSPINN
DSE-228-1836,MBL 1st Mutual Fund,Mutual Funds,MBL1STMF, 12184, http://www.lrglobalbd.com,https://www.dsebd.org/displayCompany.php?name=MBL1STMF
DSE-229-6483,Meghna Condensed Milk Industries Ltd.,Food & Allied,MEGCONMILK, 14290, http://www.meghnagroupbd.com,https://www.dsebd.org/displayCompany.php?name=MEGCONMILK
DSE-230-5421,Meghna Cement Mills Ltd.,Cement,MEGHNACEM, 21622, http://www.meghnacement.com/,https://www.dsebd.org/displayCompany.php?name=MEGHNACEM
DSE-231-6789,Meghna Insurance Company Limited,Insurance,MEGHNAINS, 25754, http://www.micl.com.bd,https://www.dsebd.org/displayCompany.php?name=MEGHNAINS
DSE-232-4697,Meghna Life Insurance Co. Ltd.,Insurance,MEGHNALIFE, 25726, http://www.meghnalife.com,https://www.dsebd.org/displayCompany.php?name=MEGHNALIFE
DSE-233-8046,Meghna Pet Industries Ltd.,Food & Allied,MEGHNAPET, 14287, http://www.meghnagroupbd.com,https://www.dsebd.org/displayCompany.php?name=MEGHNAPET
DSE-234-2206,Mercantile Bank Ltd.,Bank,MERCANBANK, 11128, http://www.mblbd.com,https://www.dsebd.org/displayCompany.php?name=MERCANBANK
DSE-235-8472,Mercantile Islami Insurance PLC,Insurance,MERCINS, 25721, http://www.miiplc.com,https://www.dsebd.org/displayCompany.php?name=MERCINS
DSE-236-2765,Metro Spinning Ltd.,Textile,METROSPIN, 17447, http://www.maksonsgroup.com.bd,https://www.dsebd.org/displayCompany.php?name=METROSPIN
DSE-237-3243,Mozaffar Hossain Spinning Mills Ltd.,Textile,MHSML, 17459, http://www.simgroup-bd.com,https://www.dsebd.org/displayCompany.php?name=MHSML
DSE-238-2611,MIDAS Financing Ltd.,Financial Institutions,MIDASFIN, 11122, http://www.mfl.com.bd,https://www.dsebd.org/displayCompany.php?name=MIDASFIN
DSE-239-2318,Midland Bank Limited,Bank,MIDLANDBNK, 11154, http://www.midlandbankbd.net,https://www.dsebd.org/displayCompany.php?name=MIDLANDBNK
DSE-240-7755,Miracle Industries Ltd.,Miscellaneous,MIRACLEIND, 99637, http://www.miracle.com.bd,https://www.dsebd.org/displayCompany.php?name=MIRACLEIND
DSE-241-7710,Mir Akhter Hossain Limited,Engineering,MIRAKHTER, 13250, http://www.mirakhter.net,https://www.dsebd.org/displayCompany.php?name=MIRAKHTER
DSE-242-3396,Mithun Knitting and Dyeing Ltd.,Textile,MITHUNKNIT, 17424, http://www.mkdl-cepz.com.bd,https://www.dsebd.org/displayCompany.php?name=MITHUNKNIT
DSE-243-9359,MJL Bangladesh PLC.,Fuel & Power,MJLBD, 15314, http://www.mjlbl.com,https://www.dsebd.org/displayCompany.php?name=MJLBD
DSE-244-1101,M.L. Dyeing Limited,Textile,MLDYEING, 17479, http://www.mldyeing.com,https://www.dsebd.org/displayCompany.php?name=MLDYEING
DSE-245-6492,Monno Agro & General Machinery Limited,Engineering,MONNOAGML, 13209, http://monno.rakplanet.com,https://www.dsebd.org/displayCompany.php?name=MONNOAGML
DSE-246-7679,Monno Ceramic Industries Ltd.,Ceramics Sector,MONNOCERA, 24606, http://monno.rakplanet.com,https://www.dsebd.org/displayCompany.php?name=MONNOCERA
DSE-247-1402,Monno Fabrics Limited,Textile,MONNOFABR, 17439, http://monno.rakplanet.com,https://www.dsebd.org/displayCompany.php?name=MONNOFABR
DSE-248-6593,Bangladesh Monospool Paper Manufacturing Co. Limited,Paper & Printing,MONOSPOOL, 19505, https://mpmc.com.bd,https://www.dsebd.org/displayCompany.php?name=MONOSPOOL
DSE-249-9139,Meghna Petroleum Limited,Fuel & Power,MPETROLEUM, 15310, http://www.mpl.gov.bd,https://www.dsebd.org/displayCompany.php?name=MPETROLEUM
DSE-250-4725,Mutual Trust Bank Ltd.,Bank,MTB, 11123, http://www.mutualtrustbank.com,https://www.dsebd.org/displayCompany.php?name=MTB
DSE-251-8446,Nahee Aluminum Composite Panel Ltd.,Engineering,NAHEEACP, 13244, http://www.nahee.com.bd,https://www.dsebd.org/displayCompany.php?name=NAHEEACP
DSE-252-5546,National Life Insurance Company Ltd.,Insurance,NATLIFEINS, 25712, http://www.nlibd.com,https://www.dsebd.org/displayCompany.php?name=NATLIFEINS
DSE-253-2508,Navana CNG Limited,Engineering,NAVANACNG, 13228, http://www.navanacng.com,https://www.dsebd.org/displayCompany.php?name=NAVANACNG
DSE-254-2647,Navana Pharmaceuticals Limited,Pharmaceuticals & Chemicals,NAVANAPHAR, 18497, http://www.navanapharma.com,https://www.dsebd.org/displayCompany.php?name=NAVANAPHAR
DSE-255-4196,National Bank Ltd.,Bank,NBL, 11105, http://www.nblbd.com,https://www.dsebd.org/displayCompany.php?name=NBL
DSE-256-1514,National Credit and Commerce Bank Ltd.,Bank,NCCBANK, 11119, http://www.nccbank.com.bd,https://www.dsebd.org/displayCompany.php?name=NCCBANK
DSE-257-3817,NCCBL Mutual Fund-1,Mutual Funds,NCCBLMF1, 12192, http://www.lrglobalbd.com,https://www.dsebd.org/displayCompany.php?name=NCCBLMF1
DSE-258-9279,New Line Clothings Limited,Textile,NEWLINE, 17482, http://www.newline.com.bd,https://www.dsebd.org/displayCompany.php?name=NEWLINE
DSE-259-5164,National Feed Mill Limited,Miscellaneous,NFML, 99640, http://www.nationalgroup-bd.com,https://www.dsebd.org/displayCompany.php?name=NFML
DSE-260-4970,National Housing Fin. and Inv. Ltd.,Financial Institutions,NHFIL, 20623, http://www.nationalhousingbd.com,https://www.dsebd.org/displayCompany.php?name=NHFIL
DSE-261-8063,Nitol Insurance Co. Ltd.,Insurance,NITOLINS, 25727, http://www.nitolinsurance.com,https://www.dsebd.org/displayCompany.php?name=NITOLINS
DSE-262-9418,Northern Jute Manufacturing Co. Ltd.,Jute,NORTHERN, 16357, http://www.northernjute.com,https://www.dsebd.org/displayCompany.php?name=NORTHERN
DSE-263-5216,Northern Islami Insurance Limited,Insurance,NORTHRNINS, 25738, http://www.niil.com.bd,https://www.dsebd.org/displayCompany.php?name=NORTHRNINS
DSE-264-3322,National Polymer Industries PLC.,Engineering,NPOLYMER, 13469, http://www.nationalpolymer.net,https://www.dsebd.org/displayCompany.php?name=NPOLYMER
DSE-265-2716,NRB Commercial Bank Limited,Bank,NRBCBANK, 11150, http://www.nrbcommercialbank.com,https://www.dsebd.org/displayCompany.php?name=NRBCBANK
DSE-266-9130,National Tea Company Ltd.,Food & Allied,NTC, 14263, http://www.ntclbd.org,https://www.dsebd.org/displayCompany.php?name=NTC
DSE-267-5010,National Tubes Limited,Engineering,NTLTUBES, 13218, http://www.ntl.gov.bd,https://www.dsebd.org/displayCompany.php?name=NTLTUBES
DSE-268-7189,Nurani Dyeing & Sweater Limited,Textile,NURANI, 17475, http://www.ndsl-bd.com,https://www.dsebd.org/displayCompany.php?name=NURANI
DSE-269-8560,Olympic Accessories Limited,Engineering,OAL, 13239, http://www.olympicaccessoriesbd.com,https://www.dsebd.org/displayCompany.php?name=OAL
DSE-270-1795,Oimex Electrode Limited,Engineering,OIMEX, 13243, http://www.oimexelectrodes.com,https://www.dsebd.org/displayCompany.php?name=OIMEX
DSE-271-3401,Olympic Industries Ltd.,Food & Allied,OLYMPIC, 13203, http://www.olympicbd.com,https://www.dsebd.org/displayCompany.php?name=OLYMPIC
DSE-272-3504,One Bank Limited,Bank,ONEBANKLTD, 11126, http://www.onebank.com.bd,https://www.dsebd.org/displayCompany.php?name=ONEBANKLTD
DSE-273-6755,Orion Infusion Ltd.,Pharmaceuticals & Chemicals,ORIONINFU, 18472, http://www.orioninfusion.com,https://www.dsebd.org/displayCompany.php?name=ORIONINFU
DSE-274-6496,Orion Pharma Ltd.,Pharmaceuticals & Chemicals,ORIONPHARM, 18486, http://www.orionpharmabd.com,https://www.dsebd.org/displayCompany.php?name=ORIONPHARM
DSE-275-7967,Padma Islami Life Insurance Limited,Insurance,PADMALIFE, 25745, http://www.padmaislamilife.com,https://www.dsebd.org/displayCompany.php?name=PADMALIFE
DSE-276-9954,Padma Oil Co. Ltd.,Fuel & Power,PADMAOIL, 15302, http://www.pocl.gov.bd,https://www.dsebd.org/displayCompany.php?name=PADMAOIL
DSE-277-9037,Paper Processing & Packaging Limited,Paper & Printing,PAPERPROC, 19506, http://www.pppl.com.bd,https://www.dsebd.org/displayCompany.php?name=PAPERPROC
DSE-278-5719,Paramount Insurance Company Ltd.,Insurance,PARAMOUNT, 25733, http://www.paramountinsurancebd.com,https://www.dsebd.org/displayCompany.php?name=PARAMOUNT
DSE-279-8617,Pubali Bank Perpetual Bond,Corporate Bond,PBLPBOND, 26010, ,https://www.dsebd.org/displayCompany.php?name=PBLPBOND
DSE-280-5778,Pacific Denims Limited,Textile,PDL, 17473, http://www.pgbd.org,https://www.dsebd.org/displayCompany.php?name=PDL
DSE-281-7627,The Peninsula Chittagong Limited,Travel & Leisure,PENINSULA, 29003, http://www.peninsulactg.com/investors,https://www.dsebd.org/displayCompany.php?name=PENINSULA
DSE-282-2173,Peoples Insurance Company Ltd.,Insurance,PEOPLESINS, 25704, http://www.peoplesinsurancebd.com,https://www.dsebd.org/displayCompany.php?name=PEOPLESINS
DSE-283-8132,Phoenix Finance 1st Mutual Fund,Mutual Funds,PF1STMF, 12176, http://www.icbamcl.com.bd,https://www.dsebd.org/displayCompany.php?name=PF1STMF
DSE-284-3866,Pharma Aids,Pharmaceuticals & Chemicals,PHARMAID, 18462, http://www.pharmaaids.com,https://www.dsebd.org/displayCompany.php?name=PHARMAID
DSE-285-1652,Phoenix Insurance Company Ltd.,Insurance,PHENIXINS, 25707, http://www.phoenixinsurance.com.bd,https://www.dsebd.org/displayCompany.php?name=PHENIXINS
DSE-286-1881,Phoenix Finance and Investments Ltd.,Financial Institutions,PHOENIXFIN, 11144, http://www.phoenixfinance.com.bd,https://www.dsebd.org/displayCompany.php?name=PHOENIXFIN
DSE-287-4617,PHP First Mutual Fund,Mutual Funds,PHPMF1, 12182, http://www.phpmf1.com/,https://www.dsebd.org/displayCompany.php?name=PHPMF1
DSE-288-2571,Pioneer Insurance Company Ltd.,Insurance,PIONEERINS, 25720, http://www.pioneerinsurance.com.bd,https://www.dsebd.org/displayCompany.php?name=PIONEERINS
DSE-289-2653,Peoples Leasing and Fin. Services Ltd.,Financial Institutions,PLFSL, 11130, http://plfsbd.com,https://www.dsebd.org/displayCompany.php?name=PLFSL
DSE-290-3794,Popular Life First Mutual Fund,Mutual Funds,POPULAR1MF, 12180, http://www.popular1mf.com/,https://www.dsebd.org/displayCompany.php?name=POPULAR1MF
DSE-291-6200,Popular Life Insurance Co. Ltd.,Insurance,POPULARLIF, 25724, http://www.popularlifeins.com,https://www.dsebd.org/displayCompany.php?name=POPULARLIF
DSE-292-6941,Power Grid Company of Bangladesh Ltd.,Fuel & Power,POWERGRID, 15308, http://www.pgcb.gov.bd,https://www.dsebd.org/displayCompany.php?name=POWERGRID
DSE-293-4490,Pragati Insurance Ltd,Insurance,PRAGATIINS, 25717, http://www.pragatiinsurance.com,https://www.dsebd.org/displayCompany.php?name=PRAGATIINS
DSE-294-4357,Pragati Life Insurance Ltd.,Insurance,PRAGATILIF, 25731, http://www.pragatilife.com,https://www.dsebd.org/displayCompany.php?name=PRAGATILIF
DSE-295-4036,Premier Bank Perpetual Bond,Corporate Bond,PREBPBOND, 26009, ,https://www.dsebd.org/displayCompany.php?name=PREBPBOND
DSE-296-3563,Premier Bank Ltd.,Bank,PREMIERBAN, 11140, http://www.premierbankltd.com,https://www.dsebd.org/displayCompany.php?name=PREMIERBAN
DSE-297-5214,Premier Cement Mills PLC,Cement,PREMIERCEM, 21645, http://premiercement.com,https://www.dsebd.org/displayCompany.php?name=PREMIERCEM
DSE-298-1315,Premier Leasing & Finance Limited,Financial Institutions,PREMIERLEA, 11132, http://www.premierleasing.com.bd,https://www.dsebd.org/displayCompany.php?name=PREMIERLEA
DSE-299-2843,Prime Bank 1st ICB AMCL Mutual Fund,Mutual Funds,PRIME1ICBA, 12173, http://www.icbamcl.com.bd,https://www.dsebd.org/displayCompany.php?name=PRIME1ICBA
DSE-300-4949,Prime Bank Ltd.,Bank,PRIMEBANK, 11116, https://www.primebank.com.bd/,https://www.dsebd.org/displayCompany.php?name=PRIMEBANK
DSE-301-5275,Prime Finance & Investment Ltd.,Financial Institutions,PRIMEFIN, 11131, http://www.primefinancebd.com,https://www.dsebd.org/displayCompany.php?name=PRIMEFIN
DSE-302-6541,Prime Insurance Company Ltd.,Insurance,PRIMEINSUR, 25719, http://www.prime-insurance.net,https://www.dsebd.org/displayCompany.php?name=PRIMEINSUR
DSE-303-3676,Prime Islami Life Insurance Ltd.,Insurance,PRIMELIFE, 25732, http://www.primeislamilife.com,https://www.dsebd.org/displayCompany.php?name=PRIMELIFE
DSE-304-1993,Prime Textile Spinning Mills Limited,Textile,PRIMETEX, 17434, http://www.primegroup.com.bd,https://www.dsebd.org/displayCompany.php?name=PRIMETEX
DSE-305-7126,Progressive Life Insurance Co. Ltd.,Insurance,PROGRESLIF, 25728, http://www.progressivelife.com.bd,https://www.dsebd.org/displayCompany.php?name=PROGRESLIF
DSE-306-6860,Provati Insurance Company Limited,Insurance,PROVATIINS, 25743, http://provatiinsurance.com,https://www.dsebd.org/displayCompany.php?name=PROVATIINS
DSE-307-4911,Paramount Textile PLC.,Textile,PTL, 17458, http://www.paramountgroupbd.com,https://www.dsebd.org/displayCompany.php?name=PTL
DSE-308-3883,Pubali Bank Ltd.,Bank,PUBALIBANK, 11106, http://www.pubalibangla.com,https://www.dsebd.org/displayCompany.php?name=PUBALIBANK
DSE-309-9913,Purabi Gen. Insurance Company Ltd.,Insurance,PURABIGEN, 25715, http://www.purabiinsurance.org,https://www.dsebd.org/displayCompany.php?name=PURABIGEN
DSE-310-6159,Quasem Industries Ltd.,Engineering,QUASEMIND, 13214, http://www.quasemindustries.com,https://www.dsebd.org/displayCompany.php?name=QUASEMIND
DSE-311-2689,Queen South Textile Mills Limited,Textile,QUEENSOUTH, 17476, http://www.qstmills.com,https://www.dsebd.org/displayCompany.php?name=QUEENSOUTH
DSE-312-8403,Rahima Food Corporation Limited,Food & Allied,RAHIMAFOOD, 14281, http://www.rahimafood.com,https://www.dsebd.org/displayCompany.php?name=RAHIMAFOOD
DSE-313-3722,Rahim Textile Mills Ltd.,Textile,RAHIMTEXT, 17410, http://www.rahimtextile.com,https://www.dsebd.org/displayCompany.php?name=RAHIMTEXT
DSE-314-4850,RAK Ceramics (Bangladesh,Ceramics Sector,RAKCERAMIC, 24634, http://www.rakceramics.com/bangladesh,https://www.dsebd.org/displayCompany.php?name=RAKCERAMIC
DSE-315-7572,Rangpur Foundry Ltd.,Engineering,RANFOUNDRY, 13224, https://www.rangpurfoundry.com/,https://www.dsebd.org/displayCompany.php?name=RANFOUNDRY
DSE-316-2441,Rangpur Dairy & Food Products Ltd.,Food & Allied,RDFOOD, 14293, http://www.rdmilk.com,https://www.dsebd.org/displayCompany.php?name=RDFOOD
DSE-317-7444,Reckitt Benckiser (Bangladesh,Pharmaceuticals & Chemicals,RECKITTBEN, 18460, https://www.reckitt.com/about-us/reckitt-bangladesh/,https://www.dsebd.org/displayCompany.php?name=RECKITTBEN
DSE-318-5676,Regent Textile Mills Limited,Textile,REGENTTEX, 17470, http://www.regenttex.com,https://www.dsebd.org/displayCompany.php?name=REGENTTEX
DSE-319-7159,Reliance One the first scheme of Reliance Insurance Mutual Fund,Mutual Funds,RELIANCE1, 12187, http://www.aims-bangladesh.com,https://www.dsebd.org/displayCompany.php?name=RELIANCE1
DSE-320-6045,Reliance Insurance Ltd.,Insurance,RELIANCINS, 25714, http://www.reliance.com.bd,https://www.dsebd.org/displayCompany.php?name=RELIANCINS
DSE-321-8700,Renata Ltd.,Pharmaceuticals & Chemicals,RENATA, 18457, http://www.renata-ltd.com,https://www.dsebd.org/displayCompany.php?name=RENATA
DSE-322-1823,Renwick Jajneswar & Co (Bd,Engineering,RENWICKJA, 13215, http://rjc.bsfic.gov.bd,https://www.dsebd.org/displayCompany.php?name=RENWICKJA
DSE-323-2784,Republic Insurance Company Limited,Insurance,REPUBLIC, 25739, http://www.riclbd.com,https://www.dsebd.org/displayCompany.php?name=REPUBLIC
DSE-324-6529,Ring Shine Textiles Limited,Textile,RINGSHINE, 17483, http://www.ringshine.com,https://www.dsebd.org/displayCompany.php?name=RINGSHINE
DSE-325-2504,R.N. Spinning Mills Limited,Textile,RNSPIN, 17450, http://www.rnspinningmills.com,https://www.dsebd.org/displayCompany.php?name=RNSPIN
DSE-326-8021,Robi Axiata Limited,Telecommunication,ROBI, 27003, http://www.robi.com.bd,https://www.dsebd.org/displayCompany.php?name=ROBI
DSE-327-5167,Ratanpur Steel Re-Rolling Mills Limited,Engineering,RSRMSTEEL, 13235, http://www.rsrmbd.com,https://www.dsebd.org/displayCompany.php?name=RSRMSTEEL
DSE-328-7808,Runner Automobiles PLC,Engineering,RUNNERAUTO, 13246, http://www.runnerbd.com,https://www.dsebd.org/displayCompany.php?name=RUNNERAUTO
DSE-329-2657,Rupali Bank Ltd.,Bank,RUPALIBANK, 11107, http://www.rupalibank.org,https://www.dsebd.org/displayCompany.php?name=RUPALIBANK
DSE-330-2510,Rupali Insurance Company Ltd.,Insurance,RUPALIINS, 25711, http://www.rupaliinsurance.com,https://www.dsebd.org/displayCompany.php?name=RUPALIINS
DSE-331-9900,Rupali Life Insurance Company Limited,Insurance,RUPALILIFE, 25741, http://www.rupalilife.com,https://www.dsebd.org/displayCompany.php?name=RUPALILIFE
DSE-332-3199,Safko Spinnings Mills Ltd.,Textile,SAFKOSPINN, 17445, http://www.saiham-safko.com,https://www.dsebd.org/displayCompany.php?name=SAFKOSPINN
DSE-333-2980,SAIF Powertec Limited,Services & Real Estate,SAIFPOWER, 20625, http://www.saifpowertecltd.com,https://www.dsebd.org/displayCompany.php?name=SAIFPOWER
DSE-334-3469,Saiham Cotton Mills Limited,Textile,SAIHAMCOT, 17453, http://www.saihamcotton.com,https://www.dsebd.org/displayCompany.php?name=SAIHAMCOT
DSE-335-1478,Saiham Textile Mills Ltd.,Textile,SAIHAMTEX, 17412, http://www.saihamtextile.com,https://www.dsebd.org/displayCompany.php?name=SAIHAMTEX
DSE-336-6288,S. Alam Cold Rolled Steels Ltd.,Engineering,SALAMCRST, 13225, http://www.s.alamgroupbd.com,https://www.dsebd.org/displayCompany.php?name=SALAMCRST
DSE-337-1994,Salvo Chemical Industry Limited,Pharmaceuticals & Chemicals,SALVOCHEM, 18484, http://www.salvochemical.com,https://www.dsebd.org/displayCompany.php?name=SALVOCHEM
DSE-338-8673,Samata Leather Complex Ltd.,Tannery Industries,SAMATALETH, 23634, http://www.samataleather.com/,https://www.dsebd.org/displayCompany.php?name=SAMATALETH
DSE-339-9086,Samorita Hospital Limited,Services & Real Estate,SAMORITA, 20553, http://www.samoritahospital.org,https://www.dsebd.org/displayCompany.php?name=SAMORITA
DSE-340-3010,Sandhani Life Insurance Company Ltd.,Insurance,SANDHANINS, 25718, http://www.sandhanilife.com,https://www.dsebd.org/displayCompany.php?name=SANDHANINS
DSE-341-1183,Summit Alliance Port Limited,Services & Real Estate,SAPORTL, 20622, http://www.saplbd.com,https://www.dsebd.org/displayCompany.php?name=SAPORTL
DSE-342-2074,Savar Refractories Limited,Miscellaneous,SAVAREFR, 99611, http://savar-ref.com,https://www.dsebd.org/displayCompany.php?name=SAVAREFR
DSE-343-7961,South Bangla Agriculture & Commerce Bank Limited,Bank,SBACBANK, 11151, http://www.sbacbank.com,https://www.dsebd.org/displayCompany.php?name=SBACBANK
DSE-344-2130,Sea Pearl Beach Resort & Spa Limited,Travel & Leisure,SEAPEARL, 29004, https://seapearl.com.bd,https://www.dsebd.org/displayCompany.php?name=SEAPEARL
DSE-345-9044,SEML FBLSL Growth Fund,Mutual Funds,SEMLFBSLGF, 12203, http://www.strategic-bd.com,https://www.dsebd.org/displayCompany.php?name=SEMLFBSLGF
DSE-346-6968,SEML IBBL Shariah Fund,Mutual Funds,SEMLIBBLSF, 12200, http://www.strategic-bd.com,https://www.dsebd.org/displayCompany.php?name=SEMLIBBLSF
DSE-347-7765,SEML Lecture Equity Management Fund,Mutual Funds,SEMLLECMF, 12196, http://www.strategic-bd.com,https://www.dsebd.org/displayCompany.php?name=SEMLLECMF
DSE-348-6818,Shahjalal Islami Bank Ltd.,Bank,SHAHJABANK, 11139, http://www.sjiblbd.com,https://www.dsebd.org/displayCompany.php?name=SHAHJABANK
DSE-349-4737,Shasha Denims Limited,Textile,SHASHADNIM, 17466, http://www.shashadenims.com,https://www.dsebd.org/displayCompany.php?name=SHASHADNIM
DSE-350-5387,Shepherd Industries PLC,Textile,SHEPHERD, 17474, http://www.shepherdbd.com,https://www.dsebd.org/displayCompany.php?name=SHEPHERD
DSE-351-7680,Shurwid Industries Limited,Engineering,SHURWID, 13234, http://www.shurwid.org,https://www.dsebd.org/displayCompany.php?name=SHURWID
DSE-352-9232,Shyampur Sugar Mills Ltd.,Food & Allied,SHYAMPSUG, 14279, http://shsm.bsfic.gov.bd,https://www.dsebd.org/displayCompany.php?name=SHYAMPSUG
DSE-353-5736,Social Islami Bank Limited,Bank,SIBL, 11120, http://www.siblbd.com,https://www.dsebd.org/displayCompany.php?name=SIBL
DSE-354-2458,Silco Pharmaceuticals Limited,Pharmaceuticals & Chemicals,SILCOPHL, 18495, http://www.silcopharma.com/,https://www.dsebd.org/displayCompany.php?name=SILCOPHL
DSE-355-2781,Silva Pharmaceuticals Limited,Pharmaceuticals & Chemicals,SILVAPHL, 18493, http://www.silvapharma.com,https://www.dsebd.org/displayCompany.php?name=SILVAPHL
DSE-356-7565,Simtex Industries Limited,Textile,SIMTEX, 17469, http://www.simtexgroup.com,https://www.dsebd.org/displayCompany.php?name=SIMTEX
DSE-357-2229,Singer Bangladesh Limited,Engineering,SINGERBD, 13211, http://www.singerbd.com,https://www.dsebd.org/displayCompany.php?name=SINGERBD
DSE-358-9220,Sinobangla Industries Ltd.,Miscellaneous,SINOBANGLA, 99635, http://www.sinobangla.com,https://www.dsebd.org/displayCompany.php?name=SINOBANGLA
DSE-359-7053,SJIBL Mudaraba Perpetual Bond,Corporate Bond,SJIBLPBOND, 26007, ,https://www.dsebd.org/displayCompany.php?name=SJIBLPBOND
DSE-360-3807,Sena Kalyan Insurance Company Limited,Insurance,SKICL, 25752, http://www.senakalyanicl.com,https://www.dsebd.org/displayCompany.php?name=SKICL
DSE-361-2920,SK Trims & Industries Limited,Miscellaneous,SKTRIMS, 99642, http://www.sktrimsin.com,https://www.dsebd.org/displayCompany.php?name=SKTRIMS
DSE-362-5765,Sonali Aansh Industries Limited,Jute,SONALIANSH, 16360, http://www.sonaliaansh.com,https://www.dsebd.org/displayCompany.php?name=SONALIANSH
DSE-363-2127,Sonali Life Insurance Company Limited,Insurance,SONALILIFE, 25751, http://www.sonalilife.com,https://www.dsebd.org/displayCompany.php?name=SONALILIFE
DSE-364-7092,Sonali Paper & Board Mills Ltd.,Paper & Printing,SONALIPAPR, 19503, http://spbmlbd.com,https://www.dsebd.org/displayCompany.php?name=SONALIPAPR
DSE-365-9938,Sonar Bangla Insurance Ltd.,Insurance,SONARBAINS, 25730, http://www.sonarbanglainsurance.com,https://www.dsebd.org/displayCompany.php?name=SONARBAINS
DSE-366-6642,Sonargaon Textiles Ltd.,Textile,SONARGAON, 17430, http://www.khansonsgroupbd.com,https://www.dsebd.org/displayCompany.php?name=SONARGAON
DSE-367-5161,Southeast Bank Ltd.,Bank,SOUTHEASTB, 11117, http://www.southeastbank.com.bd,https://www.dsebd.org/displayCompany.php?name=SOUTHEASTB
DSE-368-8237,Shinepukur Ceramics Limited,Ceramics Sector,SPCERAMICS, 24633, http://www.shinepukur.com,https://www.dsebd.org/displayCompany.php?name=SPCERAMICS
DSE-369-1566,Shahjibazar Power Co. Ltd.,Fuel & Power,SPCL, 15317, http://www.youthbd.com,https://www.dsebd.org/displayCompany.php?name=SPCL
DSE-370-1886,Square Textiles Ltd.,Textile,SQUARETEXT, 17446, https://textile.squaregroup.com/,https://www.dsebd.org/displayCompany.php?name=SQUARETEXT
DSE-371-6839,Square Pharmaceuticals Ltd.,Pharmaceuticals & Chemicals,SQURPHARMA, 18473, http://www.squarepharma.com.bd,https://www.dsebd.org/displayCompany.php?name=SQURPHARMA
DSE-372-2234,S. S. Steel Limited,Engineering,SSSTEEL, 13245, http://www.sssteel.biz,https://www.dsebd.org/displayCompany.php?name=SSSTEEL
DSE-373-3550,Standard Ceramic Industries Ltd.,Ceramics Sector,STANCERAM, 24626, http://www.standardceramic.net,https://www.dsebd.org/displayCompany.php?name=STANCERAM
DSE-374-8609,Standard Insurance Limited,Insurance,STANDARINS, 25737, http://www.standardinsurance.com.bd,https://www.dsebd.org/displayCompany.php?name=STANDARINS
DSE-375-6751,Standard Bank Limited,Bank,STANDBANKL, 11125, http://www.standardbankbd.com/,https://www.dsebd.org/displayCompany.php?name=STANDBANKL
DSE-376-5670,Stylecraft Limited,Textile,STYLECRAFT, 17408, http://www.stylecraftltd.com,https://www.dsebd.org/displayCompany.php?name=STYLECRAFT
DSE-377-6549,Summit Power Limited,Fuel & Power,SUMITPOWER, 15306, http://www.summitpowerinternational.com/SPL,https://www.dsebd.org/displayCompany.php?name=SUMITPOWER
DSE-378-3382,Sunlife Insurance Company Limited,Insurance,SUNLIFEINS, 25746, http://www.sunlifeinsbd.com,https://www.dsebd.org/displayCompany.php?name=SUNLIFEINS
DSE-379-6296,Takaful Islami Insurance Limited,Insurance,TAKAFULINS, 25736, http://www.takaful.com.bd,https://www.dsebd.org/displayCompany.php?name=TAKAFULINS
DSE-380-2813,Tallu Spinning Mills Ltd.,Textile,TALLUSPIN, 17417, http://www.tsml.com.bd,https://www.dsebd.org/displayCompany.php?name=TALLUSPIN
DSE-381-6017,Tamijuddin Textile Mills PLC,Textile,TAMIJTEX, 17419, http://www.tamijuddintextile.com,https://www.dsebd.org/displayCompany.php?name=TAMIJTEX
DSE-382-2847,Trust Islami Life Insurance Limited,Insurance,TILIL, 25757, http://www.trustislamilife.com,https://www.dsebd.org/displayCompany.php?name=TILIL
DSE-383-6466,Titas Gas Transmission & Dist. Co. Ltd.,Fuel & Power,TITASGAS, 15311, http://www.titasgas.org.bd,https://www.dsebd.org/displayCompany.php?name=TITASGAS
DSE-384-8798,Tosrifa Industries Limited,Textile,TOSRIFA, 17468, http://www.til.com.bd,https://www.dsebd.org/displayCompany.php?name=TOSRIFA
DSE-385-7506,Trust Bank 1st Mutual Fund,Mutual Funds,TRUSTB1MF, 12172, http://www.trustb1mf.com/,https://www.dsebd.org/displayCompany.php?name=TRUSTB1MF
DSE-386-7295,Trust Bank Limited,Bank,TRUSTBANK, 11145, http://www.tblbd.com,https://www.dsebd.org/displayCompany.php?name=TRUSTBANK
DSE-387-6705,Tung Hai Knitting & Dyeing Limited,Textile,TUNGHAI, 17463, ,https://www.dsebd.org/displayCompany.php?name=TUNGHAI
DSE-388-8124,United Commercial Bank Ltd.,Bank,UCB, 11108, http://www.ucb.com.bd,https://www.dsebd.org/displayCompany.php?name=UCB
DSE-389-4363,Unilever Consumer Care Limited,Food & Allied,UNILEVERCL, 18454, https://www.unilever.com/UCL-bd.html,https://www.dsebd.org/displayCompany.php?name=UNILEVERCL
DSE-390-8399,Union Bank Limited,Bank,UNIONBANK, 11152, http://www.unionbank.com.bd,https://www.dsebd.org/displayCompany.php?name=UNIONBANK
DSE-391-8687,Union Capital Limited,Financial Institutions,UNIONCAP, 11141, http://www.unicap-bd.com,https://www.dsebd.org/displayCompany.php?name=UNIONCAP
DSE-392-4569,Union Insurance Company Limited,Insurance,UNIONINS, 25753, http://www.unioninsurancebd.com,https://www.dsebd.org/displayCompany.php?name=UNIONINS
DSE-393-2790,Unique Hotel & Resorts PLC,Travel & Leisure,UNIQUEHRL, 29002, http://www.uhrlbd.com,https://www.dsebd.org/displayCompany.php?name=UNIQUEHRL
DSE-394-8514,United Finance Limited,Financial Institutions,UNITEDFIN, 11113, http://www.unitedfinance.com.bd,https://www.dsebd.org/displayCompany.php?name=UNITEDFIN
DSE-395-2184,United Insurance Company Ltd.,Insurance,UNITEDINS, 25703, http://www.unitedinsurance.com.bd,https://www.dsebd.org/displayCompany.php?name=UNITEDINS
DSE-396-7197,United Power Generation & Distribution Company Ltd.,Fuel & Power,UPGDCL, 15318, http://www.unitedpowerbd.com,https://www.dsebd.org/displayCompany.php?name=UPGDCL
DSE-397-2956,Usmania Glass Sheet Factory Limited,Miscellaneous,USMANIAGL, 99608, http://www.ugsflbd.com,https://www.dsebd.org/displayCompany.php?name=USMANIAGL
DSE-398-1393,Uttara Bank Limited,Bank,UTTARABANK, 11109, http://www.uttarabank-bd.com,https://www.dsebd.org/displayCompany.php?name=UTTARABANK
DSE-399-1130,Uttara Finance and Investments Limited,Financial Institutions,UTTARAFIN, 11114, http://www.uttarafinance.biz,https://www.dsebd.org/displayCompany.php?name=UTTARAFIN
DSE-400-8726,Vanguard AML BD Finance Mutual Fund One,Mutual Funds,VAMLBDMF1, 12197, http://www.vanguardaml.com,https://www.dsebd.org/displayCompany.php?name=VAMLBDMF1
DSE-401-5199,Vanguard AML Rupali Bank Balanced Fund,Mutual Funds,VAMLRBBF, 12198, http://www.vanguardaml.com,https://www.dsebd.org/displayCompany.php?name=VAMLRBBF
DSE-402-9694,VFS Thread Dyeing Limited,Textile,VFSTDL, 17478, http://www.vfsthread.com,https://www.dsebd.org/displayCompany.php?name=VFSTDL
DSE-403-7344,Walton Hi-Tech Industries PLC,Engineering,WALTONHIL, 13248, http://www.waltonhil.com,https://www.dsebd.org/displayCompany.php?name=WALTONHIL
DSE-404-7434,Wata Chemicals Limited,Pharmaceuticals & Chemicals,WATACHEM, 18467, http://www.watachemicals.com,https://www.dsebd.org/displayCompany.php?name=WATACHEM
DSE-405-8651,Western Marine Shipyard Limited,Engineering,WMSHIPYARD, 13236, http://www.wms.com.bd,https://www.dsebd.org/displayCompany.php?name=WMSHIPYARD
DSE-406-3491,Yeakin Polymer Limited,Engineering,YPL, 13241, http://www.yeakinpolymerbd.com,https://www.dsebd.org/displayCompany.php?name=YPL
DSE-407-8845,Zaheen Spinning Limited,Textile,ZAHEENSPIN, 17467, https://zaheenspinningltd.com/ltd/index.php?id=60,https://www.dsebd.org/displayCompany.php?name=ZAHEENSPIN
DSE-408-5901,Zahintex Industries Limited,Textile,ZAHINTEX, 17452, http://www.zahintex.com,https://www.dsebd.org/displayCompany.php?name=ZAHINTEX
DSE-409-9877,Zeal Bangla Sugar Mills Ltd.,Food & Allied,ZEALBANGLA, 14266, http://zbsm.bsfic.gov.bd/,https://www.dsebd.org/displayCompany.php?name=ZEALBANGLA
DSE-410-3021,First Janata Bank Mutual Fund,Mutual Funds,1JANATAMF, 12178, http://www.1janatamf.com/,https://www.dsebd.org/displayCompany.php?name=1JANATAMF
DSE-411-5375,Prime Finance First Mutual Fund,Mutual Funds,1STPRIMFMF, 12168, http://www.icbamcl.com.bd,https://www.dsebd.org/displayCompany.php?name=1STPRIMFMF
